<?xml version="1.0" encoding="UTF-8"?>
<project-private xmlns="http://www.netbeans.org/ns/project-private/1">
    <editor-bookmarks xmlns="http://www.netbeans.org/ns/editor-bookmarks/1"/>
    <editor-bookmarks xmlns="http://www.netbeans.org/ns/editor-bookmarks/2" lastBookmarkId="0"/>
    <open-files xmlns="http://www.netbeans.org/ns/projectui-open-files/2">
        <group>
            <file>file:/Users/jfc/Work/Ensino/DSS%20%5BMiEI%5D/PL1/CalculadoraSwing-pubsub/src/dss/calculator/CalcApp.java</file>
            <file>file:/Users/jfc/Work/Ensino/DSS%20%5BMiEI%5D/PL1/CalculadoraSwing-pubsub/src/dss/calculator/CalcController.java</file>
            <file>file:/Users/jfc/Work/Ensino/DSS%20%5BMiEI%5D/PL1/CalculadoraSwing-pubsub/src/dss/calculator/CalcModel.java</file>
            <file>file:/Users/jfc/Work/Ensino/DSS%20%5BMiEI%5D/PL1/CalculadoraSwing-pubsub/src/dss/calculator/CalcView.java</file>
        </group>
    </open-files>
</project-private>
